Year of Period,Month of Period,Unit,Source,Supplied
2011,April,TJ,Indigenous,464
2012,April,TJ,Indigenous,621
2013,April,TJ,Indigenous,643
2014,April,TJ,Indigenous,532
2015,April,TJ,Indigenous,450
2016,April,TJ,Indigenous,9083
2017,April,TJ,Indigenous,12418
2018,April,TJ,Indigenous,10474
2019,April,TJ,Indigenous,8736
2020,April,TJ,Indigenous,6971
2021,April,TJ,Indigenous,5487
2022,April,TJ,Indigenous,4700
2023,April,TJ,Indigenous,3845
2024,April,TJ,Indigenous,3559
2025,April,TJ,Indigenous,3025
2010,August,TJ,Indigenous,0
2011,August,TJ,Indigenous,0
2012,August,TJ,Indigenous,0
2013,August,TJ,Indigenous,0
2014,August,TJ,Indigenous,0
2015,August,TJ,Indigenous,288
2016,August,TJ,Indigenous,10874
2017,August,TJ,Indigenous,11832
2018,August,TJ,Indigenous,10481
2019,August,TJ,Indigenous,8384
2020,August,TJ,Indigenous,6216
2021,August,TJ,Indigenous,5217
2022,August,TJ,Indigenous,4498
2023,August,TJ,Indigenous,2680
2024,August,TJ,Indigenous,3479
2025,August,TJ,Indigenous,2956
2010,December,TJ,Indigenous,3136
2011,December,TJ,Indigenous,2621
2012,December,TJ,Indigenous,2233
2013,December,TJ,Indigenous,2005
2014,December,TJ,Indigenous,2763
2015,December,TJ,Indigenous,471
2016,December,TJ,Indigenous,12535
2017,December,TJ,Indigenous,12703
2018,December,TJ,Indigenous,9703
2019,December,TJ,Indigenous,7969
2020,December,TJ,Indigenous,5909
2021,December,TJ,Indigenous,5157
2022,December,TJ,Indigenous,4297
2023,December,TJ,Indigenous,3743
2024,December,TJ,Indigenous,3215
2025,December,TJ,Indigenous,2782
2010,February,TJ,Indigenous,2673
2011,February,TJ,Indigenous,2410
2012,February,TJ,Indigenous,2761
2013,February,TJ,Indigenous,2627
2014,February,TJ,Indigenous,2667
2015,February,TJ,Indigenous,404
2016,February,TJ,Indigenous,6369
2017,February,TJ,Indigenous,11028
2018,February,TJ,Indigenous,11107
2019,February,TJ,Indigenous,8496
2020,February,TJ,Indigenous,6907
2021,February,TJ,Indigenous,5300
2022,February,TJ,Indigenous,4389
2023,February,TJ,Indigenous,3737
2024,February,TJ,Indigenous,3301
2025,February,TJ,Indigenous,2909
2010,January,TJ,Indigenous,2981
2011,January,TJ,Indigenous,2608
2012,January,TJ,Indigenous,3176
2013,January,TJ,Indigenous,2722
2014,January,TJ,Indigenous,2646
2015,January,TJ,Indigenous,495
2016,January,TJ,Indigenous,6368
2017,January,TJ,Indigenous,12527
2018,January,TJ,Indigenous,12602
2019,January,TJ,Indigenous,9483
2020,January,TJ,Indigenous,7676
2021,January,TJ,Indigenous,5449
2022,January,TJ,Indigenous,5132
2023,January,TJ,Indigenous,4176
2024,January,TJ,Indigenous,3548
2025,January,TJ,Indigenous,3113
2010,July,TJ,Indigenous,0
2011,July,TJ,Indigenous,10
2012,July,TJ,Indigenous,8
2013,July,TJ,Indigenous,0
2014,July,TJ,Indigenous,0
2015,July,TJ,Indigenous,340
2016,July,TJ,Indigenous,10891
2017,July,TJ,Indigenous,11965
2018,July,TJ,Indigenous,10789
2019,July,TJ,Indigenous,8432
2020,July,TJ,Indigenous,6392
2021,July,TJ,Indigenous,1121
2022,July,TJ,Indigenous,4022
2023,July,TJ,Indigenous,1969
2024,July,TJ,Indigenous,3588
2025,July,TJ,Indigenous,2951
2010,June,TJ,Indigenous,0
2011,June,TJ,Indigenous,27
2012,June,TJ,Indigenous,44
2013,June,TJ,Indigenous,39
2014,June,TJ,Indigenous,0
2015,June,TJ,Indigenous,371
2016,June,TJ,Indigenous,8468
2017,June,TJ,Indigenous,11593
2018,June,TJ,Indigenous,10936
2019,June,TJ,Indigenous,8387
2020,June,TJ,Indigenous,6535
2021,June,TJ,Indigenous,4584
2022,June,TJ,Indigenous,4471
2023,June,TJ,Indigenous,3832
2024,June,TJ,Indigenous,2866
2025,June,TJ,Indigenous,2243
2010,March,TJ,Indigenous,1984
2011,March,TJ,Indigenous,2004
2012,March,TJ,Indigenous,1885
2013,March,TJ,Indigenous,2618
2014,March,TJ,Indigenous,1813
2015,March,TJ,Indigenous,485
2016,March,TJ,Indigenous,6972
2017,March,TJ,Indigenous,11767
2018,March,TJ,Indigenous,11880
2019,March,TJ,Indigenous,9351
2020,March,TJ,Indigenous,7361
2021,March,TJ,Indigenous,5769
2022,March,TJ,Indigenous,4929
2023,March,TJ,Indigenous,4102
2024,March,TJ,Indigenous,3650
2025,March,TJ,Indigenous,3127
2010,May,TJ,Indigenous,213
2011,May,TJ,Indigenous,0
2012,May,TJ,Indigenous,106
2013,May,TJ,Indigenous,48
2014,May,TJ,Indigenous,0
2015,May,TJ,Indigenous,450
2016,May,TJ,Indigenous,8685
2017,May,TJ,Indigenous,12480
2018,May,TJ,Indigenous,10690
2019,May,TJ,Indigenous,8639
2020,May,TJ,Indigenous,6556
2021,May,TJ,Indigenous,4879
2022,May,TJ,Indigenous,4615
2023,May,TJ,Indigenous,4045
2024,May,TJ,Indigenous,3619
2025,May,TJ,Indigenous,3075
2010,November,TJ,Indigenous,1560
2011,November,TJ,Indigenous,2090
2012,November,TJ,Indigenous,2330
2013,November,TJ,Indigenous,1914
2014,November,TJ,Indigenous,2335
2015,November,TJ,Indigenous,446
2016,November,TJ,Indigenous,12137
2017,November,TJ,Indigenous,12154
2018,November,TJ,Indigenous,9605
2019,November,TJ,Indigenous,7870
2020,November,TJ,Indigenous,5697
2021,November,TJ,Indigenous,5089
2022,November,TJ,Indigenous,4259
2023,November,TJ,Indigenous,3662
2024,November,TJ,Indigenous,3238
2025,November,TJ,Indigenous,2761
2010,October,TJ,Indigenous,1116
2011,October,TJ,Indigenous,761
2012,October,TJ,Indigenous,888
2013,October,TJ,Indigenous,260
2014,October,TJ,Indigenous,541
2015,October,TJ,Indigenous,444
2016,October,TJ,Indigenous,11554
2017,October,TJ,Indigenous,8449
2018,October,TJ,Indigenous,10381
2019,October,TJ,Indigenous,7019
2020,October,TJ,Indigenous,5647
2021,October,TJ,Indigenous,5134
2022,October,TJ,Indigenous,4446
2023,October,TJ,Indigenous,3849
2024,October,TJ,Indigenous,3304
2025,October,TJ,Indigenous,2788
2010,September,TJ,Indigenous,0
2011,September,TJ,Indigenous,221
2012,September,TJ,Indigenous,155
2013,September,TJ,Indigenous,301
2014,September,TJ,Indigenous,185
2015,September,TJ,Indigenous,290
2016,September,TJ,Indigenous,10865
2017,September,TJ,Indigenous,3583
2018,September,TJ,Indigenous,8437
2019,September,TJ,Indigenous,6171
2020,September,TJ,Indigenous,4613
2021,September,TJ,Indigenous,5226
2022,September,TJ,Indigenous,4313
2023,September,TJ,Indigenous,3760
2024,September,TJ,Indigenous,3330
2025,September,TJ,Indigenous,2723
2010,April,TJ,Indigenous,1054
2011,April,TJ,Imports,15652
2012,April,TJ,Imports,14951
2013,April,TJ,Imports,15598
2014,April,TJ,Imports,12422
2015,April,TJ,Imports,13537
2016,April,TJ,Imports,7784
2017,April,TJ,Imports,4626
2018,April,TJ,Imports,6451
2019,April,TJ,Imports,9807
2020,April,TJ,Imports,9648
2021,April,TJ,Imports,12624
2022,April,TJ,Imports,13261
2023,April,TJ,Imports,12561
2024,April,TJ,Imports,12408
2025,April,TJ,Imports,12664
2010,August,TJ,Imports,15871
2011,August,TJ,Imports,14972
2012,August,TJ,Imports,14747
2013,August,TJ,Imports,13409
2014,August,TJ,Imports,13850
2015,August,TJ,Imports,14708
2016,August,TJ,Imports,4430
2017,August,TJ,Imports,4088
2018,August,TJ,Imports,5396
2019,August,TJ,Imports,5786
2020,August,TJ,Imports,10762
2021,August,TJ,Imports,10211
2022,August,TJ,Imports,12928
2023,August,TJ,Imports,11054
2024,August,TJ,Imports,9797
2025,August,TJ,Imports,11244
2010,December,TJ,Imports,21336
2011,December,TJ,Imports,16058
2012,December,TJ,Imports,15618
2013,December,TJ,Imports,13940
2014,December,TJ,Imports,13535
2015,December,TJ,Imports,12648
2016,December,TJ,Imports,5456
2017,December,TJ,Imports,5626
2018,December,TJ,Imports,8725
2019,December,TJ,Imports,10912
2020,December,TJ,Imports,14140
2021,December,TJ,Imports,13207
2022,December,TJ,Imports,16305
2023,December,TJ,Imports,12379
2024,December,TJ,Imports,15274
2025,December,TJ,Imports,15808
2010,February,TJ,Imports,17574
2011,February,TJ,Imports,14601
2012,February,TJ,Imports,14320
2013,February,TJ,Imports,14086
2014,February,TJ,Imports,12735
2015,February,TJ,Imports,14219
2016,February,TJ,Imports,10187
2017,February,TJ,Imports,4212
2018,February,TJ,Imports,6278
2019,February,TJ,Imports,7554
2020,February,TJ,Imports,11146
2021,February,TJ,Imports,11746
2022,February,TJ,Imports,11389
2023,February,TJ,Imports,13054
2024,February,TJ,Imports,12972
2025,February,TJ,Imports,12875
2010,January,TJ,Imports,19630
2011,January,TJ,Imports,19324
2012,January,TJ,Imports,15940
2013,January,TJ,Imports,15211
2014,January,TJ,Imports,14516
2015,January,TJ,Imports,15006
2016,January,TJ,Imports,8980
2017,January,TJ,Imports,5564
2018,January,TJ,Imports,5293
2019,January,TJ,Imports,10187
2020,January,TJ,Imports,12003
2021,January,TJ,Imports,16180
2022,January,TJ,Imports,15161
2023,January,TJ,Imports,14811
2024,January,TJ,Imports,16919
2025,January,TJ,Imports,18295
2010,July,TJ,Imports,16192
2011,July,TJ,Imports,15660
2012,July,TJ,Imports,13593
2013,July,TJ,Imports,13289
2014,July,TJ,Imports,13995
2015,July,TJ,Imports,14330
2016,July,TJ,Imports,2852
2017,July,TJ,Imports,4064
2018,July,TJ,Imports,6320
2019,July,TJ,Imports,8542
2020,July,TJ,Imports,10328
2021,July,TJ,Imports,14216
2022,July,TJ,Imports,12965
2023,July,TJ,Imports,11968
2024,July,TJ,Imports,11167
2025,July,TJ,Imports,12595
2010,June,TJ,Imports,16568
2011,June,TJ,Imports,14727
2012,June,TJ,Imports,14077
2013,June,TJ,Imports,13857
2014,June,TJ,Imports,15514
2015,June,TJ,Imports,13648
2016,June,TJ,Imports,4923
2017,June,TJ,Imports,3208
2018,June,TJ,Imports,6018
2019,June,TJ,Imports,8176
2020,June,TJ,Imports,9547
2021,June,TJ,Imports,10053
2022,June,TJ,Imports,11779
2023,June,TJ,Imports,10976
2024,June,TJ,Imports,10676
2025,June,TJ,Imports,10432
2010,March,TJ,Imports,19019
2011,March,TJ,Imports,16554
2012,March,TJ,Imports,14976
2013,March,TJ,Imports,17191
2014,March,TJ,Imports,14250
2015,March,TJ,Imports,13970
2016,March,TJ,Imports,9345
2017,March,TJ,Imports,4888
2018,March,TJ,Imports,7373
2019,March,TJ,Imports,9581
2020,March,TJ,Imports,11711
2021,March,TJ,Imports,13611
2022,March,TJ,Imports,13262
2023,March,TJ,Imports,14937
2024,March,TJ,Imports,13458
2025,March,TJ,Imports,14663
2010,May,TJ,Imports,16811
2011,May,TJ,Imports,15099
2012,May,TJ,Imports,15953
2013,May,TJ,Imports,15039
2014,May,TJ,Imports,15842
2015,May,TJ,Imports,13176
2016,May,TJ,Imports,6838
2017,May,TJ,Imports,2711
2018,May,TJ,Imports,6095
2019,May,TJ,Imports,9793
2020,May,TJ,Imports,10341
2021,May,TJ,Imports,10489
2022,May,TJ,Imports,12130
2023,May,TJ,Imports,12388
2024,May,TJ,Imports,12739
2025,May,TJ,Imports,10874
2010,November,TJ,Imports,18745
2011,November,TJ,Imports,13535
2012,November,TJ,Imports,15117
2013,November,TJ,Imports,15165
2014,November,TJ,Imports,12960
2015,November,TJ,Imports,13257
2016,November,TJ,Imports,6935
2017,November,TJ,Imports,6852
2018,November,TJ,Imports,9002
2019,November,TJ,Imports,12247
2020,November,TJ,Imports,12330
2021,November,TJ,Imports,12896
2022,November,TJ,Imports,12556
2023,November,TJ,Imports,13620
2024,November,TJ,Imports,17027
2025,November,TJ,Imports,15805
2010,October,TJ,Imports,15699
2011,October,TJ,Imports,14045
2012,October,TJ,Imports,15187
2013,October,TJ,Imports,13740
2014,October,TJ,Imports,12749
2015,October,TJ,Imports,15577
2016,October,TJ,Imports,4741
2017,October,TJ,Imports,7822
2018,October,TJ,Imports,7708
2019,October,TJ,Imports,8698
2020,October,TJ,Imports,11139
2021,October,TJ,Imports,10130
2022,October,TJ,Imports,10517
2023,October,TJ,Imports,11503
2024,October,TJ,Imports,13368
2025,October,TJ,Imports,13286
2010,September,TJ,Imports,16383
2011,September,TJ,Imports,13715
2012,September,TJ,Imports,14079
2013,September,TJ,Imports,13220
2014,September,TJ,Imports,14740
2015,September,TJ,Imports,14376
2016,September,TJ,Imports,6617
2017,September,TJ,Imports,11942
2018,September,TJ,Imports,6277
2019,September,TJ,Imports,8698
2020,September,TJ,Imports,11962
2021,September,TJ,Imports,9544
2022,September,TJ,Imports,11283
2023,September,TJ,Imports,9906
2024,September,TJ,Imports,11539
2025,September,TJ,Imports,11073
2010,April,TJ,Imports,15794
2011,April,TJ,Stock Draw,-118
2012,April,TJ,Stock Draw,-121
2013,April,TJ,Stock Draw,-16
2014,April,TJ,Stock Draw,-61
2015,April,TJ,Stock Draw,41
2016,April,TJ,Stock Draw,452
2017,April,TJ,Stock Draw,17
2018,April,TJ,Stock Draw,0
2019,April,TJ,Stock Draw,0
2020,April,TJ,Stock Draw,0
2021,April,TJ,Stock Draw,0
2022,April,TJ,Stock Draw,0
2023,April,TJ,Stock Draw,0
2024,April,TJ,Stock Draw,0
2025,April,TJ,Stock Draw,0
2010,August,TJ,Stock Draw,-27
2011,August,TJ,Stock Draw,-67
2012,August,TJ,Stock Draw,-42
2013,August,TJ,Stock Draw,-58
2014,August,TJ,Stock Draw,-97
2015,August,TJ,Stock Draw,-1546
2016,August,TJ,Stock Draw,-1210
2017,August,TJ,Stock Draw,0
2018,August,TJ,Stock Draw,0
2019,August,TJ,Stock Draw,0
2020,August,TJ,Stock Draw,0
2021,August,TJ,Stock Draw,0
2022,August,TJ,Stock Draw,0
2023,August,TJ,Stock Draw,0
2024,August,TJ,Stock Draw,0
2025,August,TJ,Stock Draw,0
2010,December,TJ,Stock Draw,-38
2011,December,TJ,Stock Draw,195
2012,December,TJ,Stock Draw,82
2013,December,TJ,Stock Draw,61
2014,December,TJ,Stock Draw,13
2015,December,TJ,Stock Draw,1627
2016,December,TJ,Stock Draw,346
2017,December,TJ,Stock Draw,0
2018,December,TJ,Stock Draw,0
2010,January,TJ,Stock Draw,130
2010,February,TJ,Stock Draw,-48
2010,March,TJ,Stock Draw,19
2010,April,TJ,Stock Draw,-35
2010,May,TJ,Stock Draw,100
2010,June,TJ,Stock Draw,-16
2010,July,TJ,Stock Draw,-16
2010,September,TJ,Stock Draw,-60
2010,October,TJ,Stock Draw,8
2010,November,TJ,Stock Draw,-16
2011,January,TJ,Stock Draw,-156
2011,February,TJ,Stock Draw,-6
2011,March,TJ,Stock Draw,-14
2011,May,TJ,Stock Draw,-11
2011,June,TJ,Stock Draw,-54
2011,July,TJ,Stock Draw,26
2011,September,TJ,Stock Draw,164
2011,October,TJ,Stock Draw,-18
2011,November,TJ,Stock Draw,-32
2012,January,TJ,Stock Draw,-102
2012,February,TJ,Stock Draw,45
2012,March,TJ,Stock Draw,53
2012,May,TJ,Stock Draw,29
2012,June,TJ,Stock Draw,16
2012,July,TJ,Stock Draw,-154
2012,September,TJ,Stock Draw,113
2012,October,TJ,Stock Draw,-39
2012,November,TJ,Stock Draw,6
2013,January,TJ,Stock Draw,-70
2013,February,TJ,Stock Draw,18
2013,March,TJ,Stock Draw,21
2013,May,TJ,Stock Draw,86
2013,June,TJ,Stock Draw,-66
2013,July,TJ,Stock Draw,-47
2013,September,TJ,Stock Draw,99
2013,October,TJ,Stock Draw,-27
2013,November,TJ,Stock Draw,160
2014,January,TJ,Stock Draw,-12
2014,February,TJ,Stock Draw,100
2014,March,TJ,Stock Draw,-53
2014,May,TJ,Stock Draw,44
2014,June,TJ,Stock Draw,-11
2014,July,TJ,Stock Draw,1
2014,September,TJ,Stock Draw,182
2014,October,TJ,Stock Draw,-36
2014,November,TJ,Stock Draw,41
2015,January,TJ,Stock Draw,1727
2015,February,TJ,Stock Draw,1813
2015,March,TJ,Stock Draw,1808
2015,May,TJ,Stock Draw,-413
2015,June,TJ,Stock Draw,-2575
2015,July,TJ,Stock Draw,-2411
2015,September,TJ,Stock Draw,-316
2015,October,TJ,Stock Draw,61
2015,November,TJ,Stock Draw,1361
2016,January,TJ,Stock Draw,1621
2016,February,TJ,Stock Draw,1360
2016,March,TJ,Stock Draw,1031
2016,May,TJ,Stock Draw,0
2016,June,TJ,Stock Draw,0
2016,July,TJ,Stock Draw,0
2016,September,TJ,Stock Draw,-1156
2016,October,TJ,Stock Draw,27
2016,November,TJ,Stock Draw,263
2017,January,TJ,Stock Draw,919
2017,February,TJ,Stock Draw,743
2017,March,TJ,Stock Draw,877
2017,May,TJ,Stock Draw,0
2017,June,TJ,Stock Draw,0
2017,July,TJ,Stock Draw,0
2017,September,TJ,Stock Draw,0
2017,October,TJ,Stock Draw,0
2017,November,TJ,Stock Draw,0
2018,January,TJ,Stock Draw,0
2018,February,TJ,Stock Draw,0
2018,March,TJ,Stock Draw,0
2018,May,TJ,Stock Draw,0
2018,June,TJ,Stock Draw,0
2018,July,TJ,Stock Draw,0
2018,September,TJ,Stock Draw,0
2018,October,TJ,Stock Draw,0
2018,November,TJ,Stock Draw,0
2019,January,TJ,Stock Draw,0
2019,February,TJ,Stock Draw,0
2019,March,TJ,Stock Draw,0
2019,May,TJ,Stock Draw,0
2019,June,TJ,Stock Draw,0
2019,July,TJ,Stock Draw,0
2019,September,TJ,Stock Draw,0
2019,October,TJ,Stock Draw,0
2019,November,TJ,Stock Draw,0
2019,December,TJ,Stock Draw,0
2020,January,TJ,Stock Draw,0
2020,February,TJ,Stock Draw,0
2020,March,TJ,Stock Draw,0
2020,May,TJ,Stock Draw,0
2020,June,TJ,Stock Draw,0
2020,July,TJ,Stock Draw,0
2020,September,TJ,Stock Draw,0
2020,October,TJ,Stock Draw,0
2020,November,TJ,Stock Draw,0
2020,December,TJ,Stock Draw,0
2021,January,TJ,Stock Draw,0
2021,February,TJ,Stock Draw,0
2021,March,TJ,Stock Draw,0
2021,May,TJ,Stock Draw,0
2021,June,TJ,Stock Draw,0
2021,July,TJ,Stock Draw,0
2021,September,TJ,Stock Draw,0
2021,October,TJ,Stock Draw,0
2021,November,TJ,Stock Draw,0
2021,December,TJ,Stock Draw,0
2022,January,TJ,Stock Draw,0
2022,February,TJ,Stock Draw,0
2022,March,TJ,Stock Draw,0
2022,May,TJ,Stock Draw,0
2022,June,TJ,Stock Draw,0
2022,July,TJ,Stock Draw,0
2022,September,TJ,Stock Draw,0
2022,October,TJ,Stock Draw,0
2022,November,TJ,Stock Draw,0
2022,December,TJ,Stock Draw,0
2023,January,TJ,Stock Draw,0
2023,February,TJ,Stock Draw,0
2023,March,TJ,Stock Draw,0
2023,May,TJ,Stock Draw,0
2023,June,TJ,Stock Draw,0
2023,July,TJ,Stock Draw,0
2023,September,TJ,Stock Draw,0
2023,October,TJ,Stock Draw,0
2023,November,TJ,Stock Draw,0
2023,December,TJ,Stock Draw,0
2024,January,TJ,Stock Draw,0
2024,February,TJ,Stock Draw,0
2024,March,TJ,Stock Draw,0
2024,May,TJ,Stock Draw,0
2024,June,TJ,Stock Draw,0
2024,July,TJ,Stock Draw,0
2024,September,TJ,Stock Draw,0
2024,October,TJ,Stock Draw,0
2024,November,TJ,Stock Draw,0
2024,December,TJ,Stock Draw,0
2025,January,TJ,Stock Draw,0
2025,February,TJ,Stock Draw,0
2025,March,TJ,Stock Draw,0
2025,May,TJ,Stock Draw,0
2025,June,TJ,Stock Draw,0
2025,July,TJ,Stock Draw,0
2025,September,TJ,Stock Draw,0
2025,October,TJ,Stock Draw,0
2025,November,TJ,Stock Draw,
2025,December,TJ,Stock Draw,0
